framework,page,delay_ms,concurrency,windows,requests,seconds,rps,rps_min,rps_max,rps_spread_pct,body_bytes,throughput_mib_s,latency_mean_ms,latency_p50_ms,latency_p95_ms,latency_p99_ms,ttfb_p50_ms,ttfb_p95_ms,cpu_pct,cpu_ms_per_req,elu_pct,eld_p99_ms,gc_count_per_s,gc_ms_per_1000_req,gc_observed_pct,gc_max_ms,load_cpu_pct,backend_cpu_pct,backend_delay_mean_ms,rss_peak_mib,heap_peak_mib,cgroup_peak_mib
next,hello,200,1,1,28,6.0694252849999994,4.61328687399766,4.61328687399766,4.61328687399766,0.0,4873,0.021439120232573123,216.11924960714273,214.06151199999977,226.85429099999965,241.62500899999986,213.83470399999987,226.73780400000032,7.587445232831721,16.595892857142857,6.4477814469728045,19.333119,0.0,0.0,0,0,6.773831237318245,4.175074989446397,201.20495267857248,455.03515625,54.2764892578125,408.38671875
next,hello,200,16,2,1229,16.336886259,75.22853379253608,74.889755720567,75.56320258248248,0.895201365711446,4873.0,0.349596627145176,211.80596356625563,209.33552900000007,229.59580049999997,240.12775050000008,209.1918705,229.33994950000002,28.784417542153804,3.836468806943385,25.07206620957823,17.379327,2.3197199934593655,238.87237357365206,1.7922613500469213,20.89496799558401,11.321593276826658,2.4216177145142876,201.15893796531674,518.57421875,85.085205078125,474.859375
next,hello,200,64,2,4963,16.376622302,303.0539453421901,301.18777275489526,304.9167624421931,1.2304705959486115,4873.0,1.408361148841577,209.15627500675907,206.2582725000002,225.44347600000003,259.14905699999997,206.23094049999963,225.4223310000001,49.33040054530464,1.632087158158718,38.98108683816022,17.313791000000002,8.588676930813289,149.57685293057705,4.521139950730118,14.562265999615192,12.135582500940675,2.871899125703016,200.86783864839305,518.64453125,93.15963745117188,474.984375
next,hello,50,1,1,99,6.0234055710000005,16.43588478860541,16.43588478860541,16.43588478860541,0.0,4869,0.07631904891559577,60.65086405050506,60.56658799999968,65.079383,74.56485599999996,60.42802399999982,64.62174700000014,16.849917877513445,10.276030303030304,15.1009686392864,15.933439,0.662517278220806,370.1371717633623,0.6069251222223991,20.212532997131348,5.708545262313945,2.3961161969296105,50.97886663636268,330.40625,60.539947509765625,284.1171875
next,hello,50,16,2,4662,16.097460159,289.6109046987454,287.79553319502713,291.43037402591875,1.2550773371854202,4869.0,1.3448004447263648,55.02360574673922,54.25888900000018,60.873563000000274,67.70176250000023,54.22835450000014,60.8532924999995,49.46902656558842,1.7110492289658605,39.04887833598275,16.023551,8.806396657741832,164.76756409130297,4.760229631209421,13.580682002007961,11.791133351052887,2.7293684223538666,50.89462356456855,529.16796875,76.00431060791016,485.5
next,hello,50,64,2,17844,16.10092377,1108.2593927466312,1100.6311370077963,1115.8831919145234,1.3762170667399034,4869.0,5.146125921021831,57.53585682492614,56.29774900000007,65.64601549999998,81.30966350000003,56.2889789999997,65.63851550000027,100.62720399093446,0.9099369731305269,73.04382129576899,16.519167,29.38366750285922,95.29395825351196,10.53926132356952,10.707651503384113,13.29321974397439,4.856884913780615,50.760950504168605,529.046875,107.32949829101562,485.5625
next,hello,500,1,1,12,6.18460601,1.9403014485638996,1.9403014485638996,1.9403014485638996,0.0,4873,0.00901707549939335,514.7751189166667,514.774852,517.142826,517.142826,514.3104280000002,516.731587,3.7127936435088555,19.191916666666668,3.111138031213893,14.368767,0.0,0.0,0,0,3.332710922147419,1.1925738582996674,501.06197408333054,318.03515625,46.389488220214844,276.453125
next,hello,500,16,2,512,16.591169483999998,30.85978963048727,30.741175817951383,30.979322323456604,0.7717048896209862,4873.0,0.14341544506219916,516.4921139941405,513.9441325000003,540.1440709999999,546.908042,513.8460005000002,539.92538,12.531592494003863,4.071046875,11.137067086115291,14.868479,0.8425734205559694,207.52472459571436,0.6397796974063057,17.40286450088024,7.522457582465818,1.4884062772857127,501.0438042343759,559.0390625,84.67938232421875,515.390625
next,hello,500,64,2,2048,16.691091169,122.70018654045253,122.49482460801518,122.90623820563336,0.33529989580133296,4873.0,0.5702206511930987,518.2362530507811,512.5209050000001,549.4305629999999,583.8471945000001,512.462213,549.412482,25.281998958901923,2.06934716796875,20.175756879405704,16.789503,3.3427005747720995,158.75246141513344,1.939514574540469,15.366708494722843,8.7620796482178,1.8946964116376488,500.9548234980451,559.0390625,96.01103210449219,515.44140625
next,large,200,1,1,27,6.283675958,4.296847924760541,4.296847924760541,4.296847924760541,0.0,1558038,6.384518000600875,232.3407193703703,230.67459700000018,237.16192300000012,284.47327199999927,226.31723500000044,233.3555060000001,24.553913920954766,57.88103703703704,17.34104571375946,20.086783,4.085018325869049,3659.3140727943846,1.5523302164686166,7.929755002260208,6.00237474735583,1.4124562210848992,201.48116777778637,448.23046875,43.34368896484375,405.3046875
next,large,200,16,2,934,16.289805473999998,57.336473507357006,54.19099754794662,60.49079291882414,10.987413395888698,1558038.0,85.20058987391786,277.3822295699471,269.8785694999999,376.5181749999999,423.9085355000001,267.0778869999999,371.2110935000003,83.62649302211028,14.900742982746571,60.42994546825834,46.039039,14.15367180988556,1012.1280126813178,5.666050085760373,41.719807498157024,24.253561505318896,2.6936435138143047,201.9424618454735,568.05859375,101.27005004882812,523.92578125
next,large,200,64,2,1960,16.894303436,116.01543724042769,87.41988045341178,145.2810076469547,49.87364489575026,1558038.0,172.88056673723162,570.192026087004,535.5598514999999,850.0496085,896.3169469999998,510.8158269999999,839.4620809999999,121.43682773688845,11.32737417545974,87.85066766450689,156.20505500000002,24.21133614866406,810.8315690236741,8.681973706503438,42.6595010086894,35.78770531704148,2.4721352733690174,202.48151753124966,576.40234375,136.07383728027344,532.1953125
next,large,50,1,1,96,6.053456371999999,15.858708496528338,15.858708496528338,15.858708496528338,0.0,1558034,23.563773187332185,62.995933666666666,62.65836300000046,67.55871300000001,73.22920299999998,61.10891899999979,65.04501299999993,45.91247261712394,29.00871875,29.428812728098364,13.737983,14.178469494166656,1900.1391256848972,3.0073746561706955,6.055518001317978,5.125165745460698,0.696310680275655,51.12017159374833,436.7890625,59.94171905517578,393.8046875
next,large,50,16,2,2565,16.143657986999997,158.88592300862155,150.52216791777002,167.26360600899244,10.536766111314964,1558034.0,236.0921099158332,100.42973555337865,97.72111200000018,130.32002849999975,145.95361599999995,96.36988249999968,126.35092549999968,131.57955384438142,8.319557449962936,93.47737721350606,27.664383,37.46239205915123,531.9810254107354,8.408669353555574,12.820201501250267,25.85989473173329,1.2327444458834482,51.282556158102395,506.95703125,95.7627182006836,463.33203125
next,large,50,64,2,2899,16.47836351,175.92766406935513,174.28514315380474,177.55886128079774,1.8608319187950004,1558034.0,261.3949401880557,358.6397881199292,358.1834624999999,407.0088239999998,418.0966045,355.0301480000003,389.24637399999983,135.83229534739783,7.733290580842269,99.37220276744407,92.372991,35.20566935719421,592.3220962858787,10.409604571063317,17.800475500524044,30.76444683693015,1.161849139757914,51.23073445757163,514.33203125,112.66816711425781,471.23828125
next,large,500,1,1,12,6.488203174,1.8495105159603007,1.8495105159603007,1.8495105159603007,0.0,1558038,2.7481152203233288,539.5860786666666,536.9697539999997,552.4691050000001,552.4691050000001,531.7294059999995,548.7630370000002,9.528086987223341,51.607416666666666,7.851756852575195,16.621567,0.7692762980791957,3430.4079997042813,0.6333435760593045,17.57353800535202,5.12006571990612,1.3086576032276112,500.73434191668156,450.3671875,70.58140563964844,401.671875
next,large,500,16,2,455,16.760723506,27.146799470626622,26.971181650431046,27.322373383148232,1.2936763801463336,1558038.0,40.336333225921535,582.4516008385337,585.1677239999997,630.3779099999999,639.1597624999999,581.7943584999998,614.0417904999999,35.72605604104501,13.16893057541446,25.918205463813884,31.023103,6.912338003816705,675.4442234557246,1.8333950784157866,8.59901450574398,10.81715008959592,1.2175277580708541,501.6508673159487,524.24609375,63.56108856201172,480.65625
next,large,500,64,2,1461,17.180166910000004,85.03991885839017,80.07279875495871,90.09692804658972,11.787557450899445,1558038.0,126.42426529237315,727.6841003599283,732.4503585000002,881.3537355,901.479545,729.352605,806.9542895,72.56109098277545,8.54542576714547,53.013633630853995,77.299711,18.484701063326916,576.1675761331023,4.889927752355774,11.439093507826328,19.168456046845122,0.8941259410665396,501.1552317136816,554.109375,127.43290710449219,505.296875
next,medium,200,1,1,27,6.057182351,4.457518105847099,4.457518105847099,4.457518105847099,0.0,813488,3.4581541909116225,224.06016681481483,224.0008170000001,229.4890200000001,231.11607000000004,222.02556400000003,227.95032400000036,17.42843392973095,39.19474074074074,11.944271075724009,14.974975,1.9762780641088598,2009.4280745144242,0.893517440640156,7.461080998182297,5.078228882582215,1.2623001669355505,201.27536133332694,448.5625,59.28569030761719,405.1953125
next,medium,200,16,2,1191,16.385599022,72.68577721210636,71.92219292189006,73.44614389174751,2.0966288430959046,813488.0,56.38856772320385,217.45436214897035,210.48871000000008,254.20350100000002,315.5121175,209.8371820000002,249.02480049999997,50.76288338434533,7.0062203100145535,36.488059800389706,19.599359,13.69395136434246,446.8469693961755,3.234013726824633,10.84824799746275,11.105592815205377,1.1397972800240168,201.09609133054232,532.328125,74.02643585205078,488.78515625
next,medium,200,64,2,3528,16.412156025999998,214.9626163930548,210.06720690739144,219.87037838094093,4.56040758995257,813488.0,166.77335089732884,293.3677935663783,289.1205745,407.91436649999997,425.23436949999996,287.63926999999967,388.67788099999996,109.93354537386816,5.126451990385345,78.65208012002549,47.185919,27.796939285663157,365.07771642762015,7.8348832038089,13.434235990047455,25.31790063809283,1.628242868108464,201.12602940696556,538.14453125,117.92884063720703,494.4609375
next,medium,50,1,1,71,6.147432519,11.549537108469073,11.549537108469073,11.549537108469073,0.0,813484,8.960117001672605,86.26566223943658,70.75605199999995,173.0729849999998,293.47826500000065,68.35495600000013,162.68576099999973,53.49571354797022,48.789605633802815,38.79336065625757,43.122687,3.7063341393753495,2838.4907751435967,3.112283598997444,30.704000994563103,15.833814347453583,4.380144094336122,51.91177854929644,457.56640625,57.59063720703125,414.28515625
next,medium,50,16,2,2404,16.132373881,149.017126539035,54.862514392179065,243.37139610588648,126.50148750810033,813484.0,115.68475458507936,177.13606781939293,176.32012799999984,309.7561280000002,400.2300249999998,171.98324400000013,299.83225300000015,125.13190201948197,14.179243154031838,91.37950368550491,58.142719,25.040616422417646,830.5921994834198,7.331669988694677,17.37866399437189,35.399490604432124,3.573311055027468,51.23369901322971,563.9765625,90.23204803466797,520.47265625
next,medium,50,64,2,3482,16.485704533000003,211.2132965279076,127.6953175852187,296.7268094985427,80.02881196023085,813484.0,164.63308793478325,351.3997728718382,311.1554030000001,466.0820115,1498.0883239999998,307.3182760000002,461.9066785000001,136.53619179513117,7.538722779762287,99.11712497752418,104.62822299999999,25.331068111388767,507.3367416625092,9.38158734705978,32.020584508776665,36.93884589305673,2.737400626351584,51.238606515464795,562.9375,124.99929809570312,515.203125
next,medium,500,1,1,12,6.3020344889999995,1.9041469895072167,1.9041469895072167,1.9041469895072167,0.0,813488,1.4772422086718051,524.6712081666666,522.769389,532.9713199999999,532.9713199999999,519.4806630000003,530.905642,7.574562602305221,39.868500000000004,5.273588040206405,13.557759,0.7916193864731578,1721.0684170325596,0.3269834698487145,10.651308000087738,4.142687981509313,1.1670859458921037,501.27698691667075,346.484375,77.13653564453125,300.3046875
next,medium,500,16,2,482,17.05297916,28.26485598074231,28.215066137997592,28.314821857864573,0.35293199418722254,813488.0,21.928017390240633,552.9551621016599,549.6925799999999,591.9497755,600.2362915,548.0619165000003,583.8166849999999,29.699943662331485,10.532134854771783,22.36792396809184,22.675455,5.440964748992878,503.939083162927,1.421168962798148,7.999031998217106,9.591653591827017,1.205350192354733,501.38145260580757,563.48828125,59.69488525390625,518.94140625
next,medium,500,64,2,1721,17.05325738,100.919135954541,99.9480562101325,101.89199498491546,1.9262340649236203,813488.0,78.29401949241503,618.8443830807025,622.8432700000003,723.7377895,740.8162165,620.1804034999996,700.7001795000001,58.0323143196138,5.758204763885662,42.21054549633702,41.664511000000005,13.060734340064851,389.97536799138885,3.9333153976676236,10.884292498230934,15.872271071867644,1.2554075829633544,501.2972067920976,571.87109375,105.19032287597656,527.46875
nuxt,hello,200,1,1,29,6.025688774,4.812727820449494,4.812727820449494,4.812727820449494,0.0,1413,0.006485351953787932,207.4607519655173,206.85509700000011,211.43018400000005,214.57797800000003,206.65643100000005,211.31464200000005,4.121810496861775,8.607620689655173,3.4662475031682094,14.311423,0.0,0.0,0,0,4.069494447055314,1.9791675213604147,201.1650926551605,317.6484375,90.07089233398438,270.80859375
nuxt,hello,200,16,2,1238,16.31756841,75.86914722179492,75.8027799265964,75.93584617786226,0.17538914847277104,1413.0,0.10223707136421208,209.18991599419837,207.73674249999976,219.7391300000004,226.59106250000013,207.64003500000035,219.58209,20.912477901189163,2.7631513701847794,18.444806189149734,15.044607,1.1001547684750237,157.0149476474546,1.188423087455989,17.44810000061989,14.626561218260402,3.095518969458152,201.24578573903997,329.93359375,54.51367950439453,286.0546875
nuxt,hello,200,64,2,4565,16.405786665999997,278.2554773469465,271.16742452396284,285.34762634813535,5.09610878440741,1413.0,0.37496364921678293,226.9528083776451,218.24326900000017,289.2021030000001,376.94703099999964,218.21158200000002,289.12199949999996,37.012611781535966,1.3392777211178335,31.981026011332712,24.969215,3.8224843338271373,101.22292641276621,2.7930268530295708,19.06096299737692,22.83634015297836,5.463076464141469,202.75760880860938,329.80859375,59.592987060546875,285.9921875
nuxt,hello,50,1,1,106,6.020933945,17.605242138227776,17.605242138227776,17.605242138227776,0.0,1411,0.023690220505751983,56.60045933962266,56.462007999999514,59.850950999999895,62.263800000000174,56.3970989999998,59.6568900000002,9.872744244204796,5.626367924528302,8.869604945309707,14.237695,0.16554035906077003,160.89895283276178,0.2823338664990353,17.05528900027275,5.573418465446662,2.3550145945829013,50.862260188675656,202.0234375,48.50849914550781,158.30078125
nuxt,hello,50,16,2,4478,16.104654879,278.05625352699616,274.0186184988506,282.09576411556753,2.904860262721156,1411.0,0.3741633385987015,57.16089906511442,55.718071999999694,66.42183999999997,77.26462949999996,55.67182500000007,66.35813700000006,39.01889660549313,1.406530174994618,33.80812474153892,18.907135,4.026450563929489,109.25569338667836,3.033305501728184,17.229485511779785,22.09767746948315,5.034332669659429,51.052428188072355,331.0859375,51.49140167236328,283.69921875
nuxt,hello,50,64,2,16290,16.113411640000002,1010.9590919629728,880.4728594480549,1141.5295692613136,25.822677879711875,1411.0,1.3604380735916706,64.09904889156492,57.691247500000145,98.872211,134.5807439999994,57.684123,98.85994049999977,64.64184127383831,0.6689603422248077,51.58555145166025,37.371903,13.801065608087477,60.08399292358443,6.0096695146890475,12.147557005286217,22.280836737384252,7.172657537059295,51.25421067060779,330.9609375,60.45787048339844,283.52734375
nuxt,hello,500,1,1,12,6.141477293000001,1.95392727637005,1.95392727637005,1.95392727637005,0.0,1413,0.002632998696814423,511.23592133333335,509.13075000000026,529.9648969999998,529.9648969999998,508.860823,529.6239780000001,2.8614514974850964,14.679499999999999,2.2499518373090126,14.262271,0.0,0.0,0,0,3.3122490679664915,1.2822903677062836,501.20789049998467,235.86328125,80.10260009765625,193.73046875
nuxt,hello,500,16,2,512,16.642052204000002,30.7654364812615,30.366082194550682,31.175434829399702,2.6307204688676453,1413.0,0.04146488359205336,516.9745339765626,515.2970945,538.71491,556.6148640000001,515.2249529999999,538.5594035,10.18752812186877,3.3339003906249998,8.836801222483869,18.141182999999998,0.4781999434280915,188.24413869879209,0.5759353981264008,20.519507005810738,9.376595550343723,2.0143793119841806,501.4049122656213,352.7734375,90.80940246582031,306.76171875
nuxt,hello,500,64,2,2048,16.815169448,121.79478811280072,121.70261909924142,121.8870968368381,0.1514660359898366,1413.0,0.16412366324314134,520.430052496094,518.3890084999998,543.0065695,549.3888460000001,518.3103229999999,542.981258,19.20493835815151,1.5842060546874999,15.927353226164561,21.200895000000003,1.7173625546155198,95.69772948452737,1.1601879669919466,18.431494005024433,13.078757204802486,2.753661307078441,501.5840882114258,352.7734375,54.876953125,306.76171875
nuxt,large,200,1,1,28,6.208000472000001,4.510308935427542,4.510308935427542,4.510308935427542,0.0,1554578,6.686808628291203,221.317942,217.20733199999995,241.64285699999982,270.67761500000006,212.09841100000006,237.04108200000064,8.286965968012122,18.47114285714286,7.389876957842792,19.234815,0.1602299720028949,1143.5243215944085,0.5130352360943641,32.01868100464344,7.200209492514401,1.6079577912627065,201.11052510714424,366.33984375,152.44168090820312,321.31640625
nuxt,large,200,16,2,945,16.297694422,57.98366170888316,56.43458787707391,59.56763866695103,5.40333379703947,1554578.0,85.99019495790347,271.8710550964045,271.52672600000005,288.9979765000003,299.87884450000007,268.9270775,285.84486600000014,32.55069170530437,5.628584711021505,27.465953642923434,63.668223,4.841488324907045,398.40115347166136,2.2953410034122363,13.755303002893925,24.637634708695927,1.4520901931612116,202.02929154471735,438.19921875,219.13411712646484,393.08203125
nuxt,large,200,64,2,2912,16.585082698,175.57946818987878,170.5579778219444,180.71326239922053,5.783867944225564,1554578.0,260.3905401613894,360.7115706439823,360.9238614999997,415.3755875,430.7152479999995,355.7167809999996,412.11756149999997,62.409103403353626,3.5674431051404736,48.68646842484516,145.03116699999998,14.86849210446998,453.1738135699969,7.914504536867253,15.744251005351543,44.64069408936389,1.995620191624131,202.22426521745294,773.1328125,508.2386474609375,725.40234375
nuxt,large,50,1,1,90,6.063846183,14.842065132244796,14.842065132244796,14.842065132244796,0.0,1554576,22.0042402696844,67.1653488111111,65.87774600000012,78.94893200000024,90.99736800000005,61.83953199999996,75.04346299999997,21.454080173761596,14.500911111111112,19.1901113384435,24.395775,1.8082762762138898,1198.299888935354,1.7728832135058052,19.27081499993801,11.521272835485892,2.1034091458265682,51.32503468888786,322.8359375,127.70310974121094,277.84375
nuxt,large,50,16,2,3139,16.13411732,194.55666137427093,186.28556143247073,202.83022134780475,8.503774580869718,1554576.0,288.44359261104086,82.12194884569128,79.78117650000013,104.36240450000014,132.77136100000007,78.4628800000005,102.30836399999998,61.20606926788415,3.178979014871642,48.484144420928615,43.974655,25.668701106032415,366.0404084701797,7.023028180874306,13.84333349764347,34.468030740660616,1.462415369281279,51.04445142922211,464.60546875,184.54486846923828,420.6796875
nuxt,large,50,64,2,5170,16.269306227999998,317.77630389071317,268.7458170064282,366.71026731391356,30.828116857063215,1554576.0,471.0506333057306,204.46382927491018,180.00213449999995,395.700282,534.6892355,176.45056150000028,390.08889999999997,105.88013968620388,3.439700877139717,83.3301022936395,223.21561499999999,29.481210363074098,486.3180386427259,14.969986927961571,53.21374600380659,81.90730162509342,4.454516512159921,51.65747280847429,608.74609375,311.07984161376953,566.84375
nuxt,large,500,1,1,12,6.293354649,1.906773202731674,1.906773202731674,1.906773202731674,0.0,1554578,2.826907798725319,523.9049645833333,522.5789799999998,539.2517720000005,539.2517720000005,517.4009779999997,536.1437290000003,4.5750810506293496,24.11691666666667,3.8817656281600845,20.463615,0.15808685641231604,2023.145000139872,0.3837991597660885,24.277740001678467,5.123986367390659,1.2313961376780385,501.2000026666792,321.109375,120.7092056274414,272.9453125
nuxt,large,500,16,2,449,17.098222895,26.260038996877284,24.40198130385716,28.12496286296407,14.17736492908343,1554578.0,38.93720236252242,591.8942945847189,583.444505,648.9931044999998,656.383748,577.3559315,642.432213,19.662258366029658,7.668163755980862,16.684831256040543,67.665919,3.4419772941848636,667.9877096020648,1.6949844687846989,16.15176249295473,17.234495830531543,2.036795911724328,503.0465990153083,429.99609375,136.6717987060547,385.8828125
nuxt,large,500,64,2,1542,16.936949028,91.04355202644706,85.34442652952802,96.49977746486796,12.252763306180588,1554578.0,134.7975725923539,702.2706280059945,698.7901100000001,795.5562500000001,807.6936770000002,688.0165545,790.5838859999999,38.962221013201116,4.342770960201238,31.74464202903509,164.00383900000003,8.60340128628112,498.1425263603063,4.478040288586307,16.603991501033306,31.80284944856516,1.727649045912745,502.8448147299773,643.57421875,355.7284393310547,599.5390625
nuxt,medium,200,1,1,28,6.056814172,4.622892366327002,4.622892366327002,4.622892366327002,0.0,810026,3.5711889380706747,215.96046071428574,214.0887900000007,225.83582100000004,244.49378499999966,211.49272700000006,223.251132,6.900171973045383,14.9975,5.8448465040763455,16.736255,0.49295158524363936,1310.0444642560822,0.602735929035044,25.059375002980232,6.572844854617962,1.4187180251964802,201.0591179285714,362.37109375,150.59618377685547,317.71875
nuxt,medium,200,16,2,1044,16.388337211,63.703839294889406,62.455928100402154,64.96265168087561,3.934964686931444,810026.0,49.21548962874856,250.5910350476176,250.6709059999996,274.05768750000016,281.1857920000002,248.35889149999957,273.04334900000003,27.197527341357073,4.2839158835621465,23.54866703194094,48.136191,4.018736657548858,281.1929911945012,1.7811413077332179,13.564920499920845,20.606140793575314,1.533080402466047,201.82077237668818,425.87109375,128.37718200683594,378.55078125
nuxt,medium,200,64,2,3614,16.421010555000002,220.08389726657717,217.72518955941666,222.47279130458867,2.1571781507583268,810026.0,170.02668840758648,289.31940637737137,286.6881655000002,336.9757119999997,372.9507535,284.7354795000001,334.4651475000003,49.91276700436155,2.2694680034975048,40.15519643144276,87.326719,9.789790234380568,239.53825211422264,5.273523899404987,16.503868490457535,36.9197680363932,2.0277198371906486,201.90158501018152,638.42578125,343.3898391723633,591.12109375
nuxt,medium,50,1,1,96,6.0391714919999995,15.896220222785487,15.896220222785487,15.896220222785487,0.0,810024,12.279815568677513,62.6955219270833,61.8384589999996,69.5894629999998,87.0708510000004,59.67645700000003,66.33400299999994,15.49097449771314,9.815468749999999,13.839419919421857,19.070975,0.6575918961975683,574.8480415592591,0.907236992818588,24.580140992999077,9.288939016780233,2.3173250943817125,51.29292784375745,419.67578125,204.0326385498047,374.86328125
nuxt,medium,50,16,2,3698,16.093844926,229.77728547798984,226.02138144489277,233.55067364293186,3.2767782865814694,810024.0,177.50949590228083,69.25455107503922,68.87751149999986,77.24969149999993,94.2274835,68.16738599999962,76.37093949999985,41.06620133319121,1.791989641835802,33.13744330581588,25.870334999999997,13.759432931469423,161.07078956280577,3.687197288871683,9.533785998821259,26.198454246780884,1.3730681915875451,51.16940182495907,468.671875,163.42900848388672,422.48828125
nuxt,medium,50,64,2,9925,16.184975166999997,613.2230601277884,566.4969337982905,660.145919218656,15.271602049807163,810024.0,473.7902404652591,104.2462086277848,103.96618750000016,129.46077649999984,141.9970659999999,103.12541550000014,128.21673199999975,93.08736576589097,1.5236382962060486,74.36775018236449,57.655294999999995,26.272425751169102,202.13143447946823,12.342623649827242,12.610541507601738,64.33736903161225,2.573787536946587,51.27261430121375,641.64453125,367.45811462402344,595.47265625
nuxt,medium,500,1,1,12,6.256019705,1.918152526023733,1.918152526023733,1.918152526023733,0.0,810026,1.4817747288178449,520.7649090000001,519.1550560000001,535.1112210000001,535.1112210000001,515.7354490000002,525.2636459999999,4.377289008967549,22.920666666666666,3.9696616134704716,17.563647,0.0,0.0,0,0,5.497446684554917,1.7598327652853853,500.7873694999823,250.11328125,74.30982971191406,203.91015625
nuxt,medium,500,16,2,480,16.682882798,28.772005762549863,28.432576523568848,29.1196371589544,2.387948344845123,810026.0,22.229571075629984,554.8986410541665,554.1660665000002,581.982001,590.1072634999999,552.0229069999999,563.7435715000001,13.69365243656583,4.77748125,11.372163421733298,40.321023,2.326390466576801,325.4389082392057,0.9321539388002407,9.873320996761322,12.84192749309943,1.3825634473019657,501.78011290624033,447.69140625,138.70631408691406,399.87109375
nuxt,medium,500,64,2,1733,17.018616903,101.82966159221263,99.40808986175497,104.20084025629403,4.706634903425407,810026.0,78.64405022993219,621.3011445042731,620.1172025000001,683.6375210000001,691.5761784999997,615.4468220000001,681.075437,27.895446380517335,2.75356232932241,22.638706578570982,90.701823,5.228033567040246,264.452615520979,2.6745762459132902,16.421334505081177,20.04331655406075,2.426376371620194,504.2729359043167,686.62109375,388.50531005859375,638.83203125
react-router,hello,200,1,1,29,6.0352693120000005,4.8050879755007685,4.8050879755007685,4.8050879755007685,0.0,2746,0.012583514767384636,207.819324724138,207.68158300000005,210.744465,212.13879999999972,207.414625,210.41850599999998,3.878509856490365,8.096862068965518,3.180399098018211,13.549567,0.0,0.0,0,0,3.874469522841075,1.393910041075069,201.3624326206808,284.0859375,30.560813903808594,239.34375
react-router,hello,200,16,2,1120,16.338072859,68.55153662648996,68.05320262788949,69.05722277540023,1.4646209216012909,2746.0,0.17953168304320982,232.46236983749986,231.76339699999994,246.57095049999998,250.59615050000002,231.64963050000011,246.50926500000025,15.379037774885447,2.250424107142857,14.507283549881455,31.064062999999997,0.9152426737110917,85.84079641316619,0.5865322373556893,11.15165950357914,15.04653038283121,1.653554433587022,201.8846348249998,341.81640625,55.623451232910156,303.0625
react-router,hello,200,64,2,3969,16.320273916999998,243.19444760456471,236.29068289743725,250.03999425707073,5.653628812278611,2746.0,0.6367988774615664,261.202551784629,257.05886649999985,305.7365930000001,370.82622999999967,256.99874300000016,305.52913549999994,27.593035822750053,1.1421896912365788,25.020768932804934,45.285375,2.8666799892534334,57.680336126391566,1.3872563103915967,17.405022993683815,19.86942023426093,2.8228307134686,202.97887514803085,341.81640625,57.712486267089844,303.0625
react-router,hello,50,1,1,103,6.047955921,17.030547402364245,17.030547402364245,17.030547402364245,0.0,2745,0.044583180064668514,58.45190271844657,57.863946999999825,63.42784499999971,76.44017600000006,57.652360000000044,63.141909999999825,11.893642678830574,7.014718446601941,10.832362597837427,16.564223,0.1646142463119235,156.07591262720163,0.264630882863096,16.07581900060177,7.524820429942518,2.426654629925306,51.26358218447224,244.1796875,44.689849853515625,203.515625
react-router,hello,50,16,2,3573,16.085222135000002,222.12935388846586,218.87775249948623,225.39818419975796,2.9354209995792475,2745.0,0.5815207701871039,71.79604876390135,70.63057950000007,84.89931600000003,110.29010699999972,70.53772849999996,84.83560949999992,33.44904999242608,1.5115751076424577,30.773084844736776,27.500543,2.9745836437319717,56.297154755106575,1.2467319447601404,8.331400498747826,20.97369071189243,3.508975937525456,51.55765826746902,343.25390625,55.622047424316406,304.453125
react-router,hello,50,64,2,13980,16.144377456,865.9361463829243,832.3101098461545,899.5465282285987,7.76459311270183,2745.0,2.26685832572708,73.51151494092231,69.95830449999994,106.88987000000009,124.7294875,69.94145099999969,106.81364249999979,46.29679383278335,0.5393817955415546,37.89823667357857,37.117951,11.185931796701546,34.45734704337455,2.9669858606028385,8.403921499848366,18.63954779915619,3.189443842380307,51.29580722525286,343.25390625,58.2918701171875,304.4375
react-router,hello,500,1,1,12,6.123538836,1.9596511627316804,1.9596511627316804,1.9596511627316804,0.0,2746,0.005131914227353282,509.7520349166666,508.9049359999999,519.783506,519.783506,508.5063690000002,518.1043159999999,2.6298035898107983,13.458666666666666,2.1227174377625153,13.139967,0.0,0.0,0,0,3.286288119840183,1.0682969287547759,500.87853741663275,244.51171875,33.19171905517578,202.984375
react-router,hello,500,16,2,496,16.66513667,29.762732212864595,29.428501401490447,30.083042860226108,2.199198158469951,2746.0,0.077924108764016,536.0228052902346,536.059716,545.6791070000002,547.3241285000001,535.8378154999998,545.4878790000002,8.75804861002918,2.956887109375,7.62877708573312,30.007295,1.1543480410473945,130.2605508787868,0.3855613783414873,8.799997501075268,8.803123711467968,1.308448745483176,502.12238222590565,343.24609375,46.93367004394531,294.375
react-router,hello,500,64,2,1863,16.574689284,112.40029710833883,110.50342771628728,114.24495238033504,3.3287497989808963,2746.0,0.2942843683935761,564.0792855649632,564.7326705,592.6834779999999,602.7191715000001,564.6430105000002,592.4433235000001,17.233163629093816,1.5434789521040975,15.04483130942495,39.174143,1.5081228772032627,73.18657769098081,0.8174435442178365,14.190944001078606,16.899784016745507,2.020830324791789,502.63896896345136,343.62109375,57.70098114013672,294.77734375
react-router,large,200,1,1,27,6.053289701000001,4.46038457329072,4.46038457329072,4.46038457329072,0.0,1555911,6.618462964833582,223.86716914814812,223.15669500000058,233.90037499999994,244.41997099999998,216.91578799999934,227.21971600000052,17.31527219422626,39.09796296296296,12.464985253791063,28.131327,2.6244083485226586,1351.4390747856212,0.5985103483778268,5.551862001419067,8.11999732640322,1.386379855620894,200.82616133331666,284.9609375,39.87079620361328,238.82421875
react-router,large,200,16,2,881,16.452984572,53.546515900786936,50.3180758155531,56.82302301254753,12.148217465814298,1555911.0,79.48971472679563,294.31699629837,285.3244535,346.8581975000001,407.55531350000024,282.9100930000004,342.50667350000015,40.282394470306215,7.586079671607541,33.82451533035915,77.13587100000001,13.175398195998461,235.23162693121196,1.2397461349582495,6.569137006998062,18.733271004999473,1.157407169944932,201.4190107891335,344.625,41.18328857421875,295.734375
react-router,large,200,64,2,2311,16.789122423000002,137.64864784320596,137.3961788535551,137.90358897718662,0.36862703090951304,1555911.0,204.24935200943816,452.5072557303466,448.6506464999997,513.5813104999997,545.3091645,445.54756199999997,506.2732470000001,62.673301781890046,4.562781065753523,57.116575859483675,244.056063,23.65456744030472,157.96264679130388,2.169667816142306,5.248988501727581,32.348541811508426,1.176597377113222,202.2608581960862,346.90625,61.25480651855469,298.03125
react-router,large,50,1,1,83,6.034514687,13.754212940902235,13.754212940902235,13.754212940902235,0.0,1555910,20.408933121566008,72.54897884337349,66.94338699999935,82.591676,242.03933400000005,62.991867000000184,78.63911499999995,42.970648469727365,31.33267469879518,32.85594288970402,41.353215,7.931175917618289,1514.4259877592685,2.076933022124839,9.39154800772667,12.10495296267078,3.3441018427213636,51.62298413254713,266.375,44.99150848388672,220.10546875
react-router,large,50,16,2,2288,16.200779515999997,141.2277722649306,140.91793603351388,141.53680057394823,0.4382031455352921,1555910.0,209.5576044249136,112.56220803895863,111.35878499999984,129.30880600000035,142.13899549999996,109.86983799999996,125.91465700000026,70.50907063246602,5.005822420380219,59.404283388412296,64.552959,34.105665987983684,229.4774548267477,3.233159967812237,5.985996998846531,29.917465586428698,0.8795443140346533,50.76160669877151,334.81640625,53.20899963378906,299.26171875
react-router,large,50,64,2,3563,16.710386169,213.22068586361226,193.98961844519184,232.91232834843757,18.25465936646637,1555910.0,316.7252578905468,296.0698364300276,283.1937874999994,382.95614000000023,434.78812149999976,280.44414700000016,370.36433850000003,92.29910384355534,4.371126816901944,84.83545684610041,291.700735,35.87304805334006,168.24847491261244,3.5536944605911795,6.683089010417461,45.17940947035868,1.083153971732488,50.9529635407345,334.33984375,87.72537994384766,298.78515625
react-router,large,500,1,1,12,6.519059190999999,1.840756411073366,1.840756411073366,1.840756411073366,0.0,1555911,2.7313739283652994,542.5523942500002,527.924479,632.9039790000002,632.9039790000002,521.9066560000001,595.6701199999998,12.663228623336611,69.06116666666667,9.039712192346563,28.999679,1.069614621378588,3661.720501879851,0.6714222494078451,21.729321002960205,7.186611022882808,1.8422281084311585,501.68531849999755,266.0078125,39.679656982421875,220.90234375
react-router,large,500,16,2,448,17.017028273,26.326570821464603,26.256154402592355,26.39736595580783,0.5363841503442007,1555911.0,39.06449866979541,604.5505843973214,604.8590250000004,619.0276635,638.1444660000001,602.1361099999999,611.0674530000001,21.41471951319715,8.147337053571428,18.425576742136705,75.62854300000001,6.394381463339644,330.95559797116687,0.8699182322645913,5.962829001247883,12.947466554862405,0.9754846717253496,501.8093215558131,342.65234375,34.419273376464844,304.21484375
react-router,large,500,64,2,1344,16.826273238,79.87508469580459,76.30808022334004,83.42004060541572,8.90385332192234,1555911.0,118.50487718905936,791.1350370208096,776.188605,994.3336465000001,1024.418844,772.0114894999999,989.7030739999998,42.34383949138309,5.332827130681818,38.40602266101827,250.413055,13.531816634528333,185.19963541978294,1.4845928948981073,6.555066004395485,23.873297858771977,1.6996112724620809,503.12043947379533,345.7734375,73.28101348876953,310.35546875
react-router,medium,200,1,1,28,6.221807072,4.500300262605121,4.500300262605121,4.500300262605121,0.0,811358,3.4822031216304454,221.69267703571427,221.36601900000005,243.55000900000005,246.13110499999948,214.852985,239.87849000000006,13.998915585286596,31.212392857142856,10.430042024491586,26.951679,1.6018037232562838,1401.382286633764,0.628527022041903,6.653284996747971,7.678352168042842,1.6961021241583072,200.31424950001696,284.12109375,39.36067199707031,237.6875
react-router,medium,200,16,2,955,16.483641316000003,57.93622790572494,57.4185282111623,58.457807688373805,1.7938335214067538,811358.0,44.83089072359839,272.85914938502185,272.589029,288.415475,293.7972195,271.41063049999985,286.8022215000003,33.05180602151657,5.717948914473684,28.239327606945572,60.817407,8.17365437318779,211.259548077033,1.222023910466988,5.386450506746769,17.6660064262584,1.2275934442284315,201.85644733566613,344.86328125,49.4771728515625,296.05078125
react-router,medium,200,64,2,2898,16.584037883999997,174.7463446641027,171.02775516776597,178.50624888736917,4.2796281284042585,811358.0,135.22968791111293,359.5831722094588,353.83986749999985,406.3463940000004,469.541028,352.80897000000004,404.0569644999996,51.71221692406016,2.979325813025947,45.92791789221771,149.225471,17.871968392368228,112.04661801114527,1.9480885987047467,8.662408508360386,26.015934576741234,1.4804470857723495,202.43388252036686,345.7421875,71.04083251953125,296.77734375
react-router,medium,50,1,1,92,6.011708765000001,15.303469212550915,15.303469212550915,15.303469212550915,0.0,811357,11.841370458495783,65.15814471739131,64.16937899999994,74.17023299999983,93.15160399999968,61.33483100000012,69.63580599999977,32.69529038934764,21.446380434782608,24.222559009526968,24.477695,4.805530786795794,1017.3562284073104,1.5509730146930345,10.101187005639076,10.169526596157237,2.4635229523936806,50.876212956515424,284.3984375,38.476844787597656,238.33984375
react-router,medium,50,16,2,2837,16.160080960000002,175.5560511746347,158.51361582964296,192.6039047684089,19.418464194580555,811357.0,135.84216030114823,91.4224230842322,88.97057100000029,111.12922600000002,129.4883109999998,88.23571650000008,109.41643299999993,58.49143492734201,3.4045589365734914,48.744364108361424,49.446911,24.56378624798522,173.4215215272041,2.967143974457324,7.232754997909069,26.1808781180252,1.382205382231609,51.0919500444851,346.31640625,62.722984313964844,297.5625
react-router,medium,50,64,2,5643,16.276813275000002,346.68948427805805,322.5524264085595,370.862192834291,13.93459237055638,811357.0,268.2718301892383,183.8598136974423,177.15606549999984,234.14849999999967,270.8267445,176.34627350000005,232.74770699999996,84.15519107222642,2.4517638419862493,75.1934761534987,149.225471,36.396341431939135,105.97223430853848,3.647422929565552,8.655421495437622,40.34977586302776,1.298299391673913,51.000164372023406,345.44140625,73.63859558105469,296.4453125
react-router,medium,500,1,1,12,6.353937360999999,1.88859274465863,1.88859274465863,1.88859274465863,0.0,811358,1.4613388367850653,528.8729730833332,522.9323690000001,554.3783589999998,554.3783589999998,517.6356329999999,548.0990000000002,6.890798562094633,36.61658333333333,5.46208095005243,26.394623,0.6272930582085652,2566.8767504394054,0.48305519004827957,9.498851001262665,5.178604672435011,1.3651066636776759,501.25695808334666,254.18359375,40.49143981933594,213.18359375
react-router,medium,500,16,2,448,16.741917449,26.759181041521575,26.476919823900698,27.04752528516469,2.13237266259605,811358.0,20.70783936252645,594.8345654598213,591.9137679999999,657.5063074999998,663.7919244999998,587.3023384999997,654.3774604999999,19.43996333079993,7.282339285714286,17.21811794559543,69.566463,4.056145899462969,287.9047564763043,0.769355348258025,6.834757000207901,14.413341980842116,1.5308638142326343,503.0655566339208,344.0234375,46.29205322265625,297.546875
react-router,medium,500,64,2,1530,16.942844810000004,90.30360704814835,87.74771854454927,92.9910609592878,5.8063488116735575,811358.0,69.925238924348,700.5388103751893,692.3616754999998,766.4044705000001,834.9533369999999,687.5373455000001,762.9427034999999,34.32948069136093,3.811647007258858,30.52150503743828,166.26483100000002,9.668032828082236,136.23030103898603,1.225412485314159,8.689645498991013,20.617541930764517,1.47373719676706,503.49523251517616,345.171875,64.8661880493164,297.484375
solid,hello,200,1,1,30,6.206736175,4.833458222509353,4.833458222509353,4.833458222509353,0.0,1895,0.008735087711005425,206.50880343333333,206.274243,208.57707500000015,210.410365,7.639783999999963,9.069031999999993,3.4248640707441984,7.1034999999999995,2.888202056417587,13.852671,0.0,0.0,0,0,4.160838097198758,1.5024181984031468,200.99721893333674,280.38671875,35.319725036621094,234.96875
solid,hello,200,16,2,1234,16.392326175,75.27912675883537,74.63399764227267,75.92275495435928,1.7119716547925328,1895.0,0.13604404743700865,209.9122355789906,206.65783899999974,230.81634350000024,258.7892095000002,5.273764500000652,19.068186500000138,20.594059951440197,2.7457015063588095,18.384348412224348,21.610495,1.0336070569538585,185.49656302557494,1.3898205693689025,26.756576001644135,21.319836483706318,3.8994010402266897,201.35086276451756,280.38671875,53.59797668457031,234.96875
solid,hello,200,64,2,4763,16.409663489000003,290.2557997726652,288.4043548891393,292.1083259519351,1.276105788651539,1895.0,0.524554982277792,216.94714329093767,214.4581105000002,245.02780749999965,257.58554500000037,8.182178999999905,29.262344499999855,35.973828914639896,1.2445402096897167,29.969382444869694,22.609918999999998,3.640486137094503,97.45643969641685,2.8166560517414307,21.986685000360012,24.803074604879182,4.801971711618258,201.7317716619768,273.4140625,47.03539276123047,227.90234375
solid,hello,50,1,1,106,6.005787295,17.649642718490583,17.649642718490583,17.649642718490583,0.0,1893,0.031862996736624405,56.41729042452827,56.08419599999979,58.38249199999973,64.66221300000001,6.787180000000262,8.283559000000423,9.829994876134153,5.584924528301887,8.657466210312474,13.615103,0.4981399493312938,270.91916987918455,0.4768433374996092,26.114344000816345,6.59205265157154,2.4178811651964742,51.2027190188561,230.11328125,44.92388916015625,187.29296875
solid,hello,50,16,2,4314,16.100206833,267.9468683071669,266.69400780375486,269.20216540313083,0.9360652786210939,1893.0,0.4837281493571446,59.41330825814372,57.97524849999991,70.87156449999975,83.39171949999991,5.465168499999891,14.282214999999724,37.634386850720745,1.408752809029819,32.5311615879565,23.388159,3.840172540960938,108.02658131994846,2.889217877141308,23.230790004134178,27.616741867527878,5.1003954399864195,51.2146557218869,256.34375,53.096717834472656,217.58984375
solid,hello,50,64,2,18392,16.103954269,1142.079745929512,1139.0613266681917,1145.09902376962,0.5286581014108153,1893.0,2.0618036000150575,55.79246975030888,54.877664500000265,63.639793499999996,69.9966959999997,3.549771999999848,10.741045500000041,52.496155511511674,0.46082002712275694,39.41385316850508,18.104319,13.690035592526032,60.03231493647743,6.839571986850416,13.476378999650478,22.3666195845405,5.4595022733972725,51.008981116322246,256.3984375,53.04423522949219,217.65234375
solid,hello,500,1,1,12,6.102662864,1.9663547319300188,1.9663547319300188,1.9663547319300188,0.0,1895,0.003553621499068628,508.00272708333324,506.57968299999993,517.902247,517.902247,4.371008999999958,10.62656299999999,2.160965633786684,11.023916666666667,1.6450107280960875,13.828095,0.0,0.0,0,0,3.223898201170455,0.9779921635450997,501.67290183329413,224.703125,16.265220642089844,177.73046875
solid,hello,500,16,2,512,16.586485474,30.868504409965638,30.865208740059977,30.871800783744717,0.021355241566586747,1895.0,0.05578595783596511,514.7832706503906,511.799362,554.9625460000002,577.2968149999999,7.2290230000000975,17.225903499999703,9.749605791697242,3.1653867187499998,8.190676825884081,16.080895,0.48125739296322456,369.6830781409517,1.1385879251894304,74.81394149363041,9.969988655770843,1.9635330069622672,501.3827379472641,264.28125,45.85047912597656,216.73046875
solid,hello,500,64,2,2048,16.641310063,123.06723402465097,122.83277277401938,123.30259205889014,0.38175822231988993,1895.0,0.22240949457090547,515.7447822495117,512.5009395,547.989687,563.2878154999999,7.395667499999945,39.90768750000002,15.504505559305633,1.26467431640625,12.712712194783775,17.481727,1.5561851170791559,72.89211867464473,0.893539234354485,13.003692507743835,15.082768876541143,2.399229591774349,501.2674242387725,264.53125,47.350868225097656,217.078125
solid,large,200,1,1,28,6.092505422,4.595810436030499,4.595810436030499,4.595810436030499,0.0,1607700,7.046398580557092,217.19720717857152,216.77562299999977,220.11503700000003,221.59649499999978,5.66366300000027,7.458912999999939,9.30280306390798,20.306035714285713,7.108197420432788,16.416767,1.3089427054810208,828.109643289021,0.379381826922579,4.606747999787331,7.0434098753176615,1.361881381238077,201.2471079999897,289.8984375,47.3388671875,242.828125
solid,large,200,16,2,1003,16.3433306,61.37059969893774,61.35563392154143,61.385247841713486,0.04825424603528217,1607700.0,94.09452229060408,258.2370516976124,259.898543,268.9133884999999,275.832359,15.013924000000202,44.45216549999941,32.27070672977603,5.266033075252911,26.58826275462207,49.151999,7.5756939956525535,178.12335957718693,1.0915722821011213,5.414494998753071,27.459115161990567,1.2934318507649984,201.81410184188496,297.48046875,61.707130432128906,252.00390625
solid,large,200,64,2,3189,16.661283068000003,191.40182583686234,190.45251754045873,192.35402049609507,0.9934612417214115,1607700.0,293.4637409216726,330.4311891157056,332.54195600000014,348.18987800000014,357.8316245000003,53.57237649999985,117.12047849999976,53.39051567682371,2.7949546314505977,42.060342168395856,122.028031,19.108816118193065,471.6719116050606,9.009944800197642,13.160758003592491,37.34379729827859,1.4847236471148744,202.23741937361604,376.03515625,96.51317596435547,328.6015625
solid,large,50,1,1,94,6.039478411,15.564257971150813,15.564257971150813,15.564257971150813,0.0,1607698,23.863436137870046,64.05832274468092,63.462671,70.41708400000016,82.817284,5.523163999999952,7.5962030000000595,26.893455283604748,17.375436170212765,20.380684419999195,19.906559,4.939742265818783,590.5058616970448,0.9139766524814382,4.742871999740601,12.773656071978369,2.0518827055659963,51.0659088297757,252.46875,32.356361389160156,205.421875
solid,large,50,16,2,3458,16.104174561,214.7269322560841,209.4664111592493,220.0147094837123,4.9124244516673174,1607698.0,329.2445844151726,74.26195795732943,73.23308550000002,82.15547399999991,95.93163050000003,11.033781999999519,21.263836499999684,57.7352819689246,2.6986931446048974,42.429008331555266,29.040639,26.78666759728673,121.77985975562278,2.5991876295121203,4.93953700363636,34.513813415696,1.185212009103732,51.02203926910359,289.17578125,67.0970458984375,242.08984375
solid,large,50,64,2,6566,16.413324638,400.0408293148878,379.8247946122825,420.5561813073909,10.181807383227651,1607698.0,613.5801764603173,158.0974412635623,153.97864649999974,201.458028,276.92270299999996,55.052892499999984,101.74852299999975,102.53743363111538,2.576774635235981,76.47879046053947,117.44051099999999,36.13196653558107,304.0053844710737,11.818440919661352,22.912254005670547,66.07680081160453,1.8356589754363137,51.28732248100397,345.625,117.16996002197266,298.6171875
solid,large,500,1,1,12,6.2023382730000005,1.9347541962098975,1.9347541962098975,1.9347541962098975,0.0,1607700,2.966408082243588,516.3442001666666,516.292864,522.599693,522.599693,6.382372000000032,9.098869999999998,4.475835218340519,23.182083333333335,3.242744673527731,15.638527,0.6435767878700174,1043.2250835001469,0.20141863447933656,7.695287004113197,5.026629509986505,1.078401060939473,500.90958441669744,263.37890625,32.92292785644531,219.1640625
solid,large,500,16,2,457,16.779080514,27.236295792173586,27.222445096936777,27.25071795167308,0.10380579999585893,1607700.0,41.759731403946915,576.3371438830184,568.841369,657.4435000000001,693.9887985,22.81923000000006,59.34503300000006,19.06333667675478,7.037073181713673,15.955268198107115,57.196543,3.3215292658035294,229.5159903834023,0.6216736995044282,8.101576000452042,22.089005286490856,1.4912935547900368,501.65700305615565,279.71875,68.69094848632812,241.30078125
solid,large,500,64,2,1660,17.420741761000002,95.28870944613044,93.37072730223643,97.27733255437295,4.099756702387744,1607700.0,146.15291873525186,660.388166912094,656.9690895000003,747.6966049999996,805.2849460000002,53.36235099999976,137.38696850000042,33.14420483696618,3.4959351513145673,26.77567735207218,139.72275100000002,8.590597703011412,341.4791026199825,3.272253835015291,11.135241508483887,31.167981887913356,1.8111370173535055,503.4393028155963,372.3203125,95.30683898925781,328.0625
solid,medium,200,1,1,29,6.173233791,4.697699938447058,4.697699938447058,4.697699938447058,0.0,837588,3.7524577103080694,212.55579041379303,212.28258299999993,218.89182999999957,220.3384119999996,6.384913000000324,9.959828000000016,6.997420917161574,14.947655172413794,5.57760029691895,15.007743,0.9685413812561868,664.4507590039022,0.31104822701947465,5.969955012202263,5.873988488991403,1.621621690879102,201.08109031036366,320.453125,61.12774658203125,273.43359375
solid,medium,200,16,2,1060,16.208573023,65.39749048209598,64.97774057971684,65.81948104803872,1.2871143252084467,837588.0,52.23950541913439,243.76895843685924,246.12876449999976,252.05557150000027,256.01073550000007,12.54652950000036,35.41263300000037,30.892463390883414,4.7344147656072,23.927840337930554,41.795583,8.002864188890712,138.13609101610734,0.9012876298576269,3.7267045006155968,24.71498114231803,1.5741639263308205,201.73401202708305,273.84375,40.83155822753906,226.39453125
solid,medium,200,64,2,3711,16.467502879999998,225.3529285552492,221.42479191624196,229.3280702727731,3.5070670735008904,837588.0,180.0275746990074,280.7854417021935,284.2443734999997,296.9127580000004,308.4539155000002,38.461608499999784,74.7587619999997,40.50652742504316,1.8015005865063451,32.38140456409949,79.26579100000001,12.602475502277592,255.2084076574743,5.733691328801541,12.959467008709908,32.13716649910875,1.6260205857075725,202.03177823587185,301.47265625,79.87620544433594,254.4453125
solid,medium,50,1,1,98,6.008703911,16.30967367531517,16.30967367531517,16.30967367531517,0.0,837586,13.027910552036793,61.11253748979595,61.28710299999966,64.57285000000002,68.53217200000017,6.660534999999982,8.705917999999997,20.38517062662992,12.533163265306122,16.485048614684604,16.875519,2.987446132948004,762.3776328198763,1.2400060382186207,8.392725005745888,11.302824569404715,2.259901423513326,50.948669387749874,285.4921875,31.297775268554688,239.9453125
solid,medium,50,16,2,4066,16.066637713,253.070995477173,252.1898834852707,253.9539170696273,0.6970508734240538,837586.0,202.14984957293262,63.08756036679054,63.030426000000034,68.65302250000005,81.07459299999995,5.96893050000017,11.529319999999984,48.26240485601511,1.9107538129097446,34.560973164786354,19.709951,30.81632833129514,102.34224914292653,2.584420561130089,9.82344750314951,28.63611815995544,1.5805028099202127,50.88583384882433,300.70703125,61.37244415283203,255.15625
solid,medium,50,64,2,9250,16.133782300999997,573.3311524493962,568.8589339799184,577.8132774485172,1.5618100342784107,837586.0,457.9718546302307,110.93985855016857,110.45891100000006,124.2286865000001,157.31840049999988,38.879975000000115,60.061407999999915,80.72689159695084,1.411520536554478,61.48822069049588,64.913407,31.35028694502987,242.86093371445008,13.893048728985395,13.527609504759312,52.784479136765164,1.9236960111395685,50.94468005063572,301.41796875,88.23745727539062,254.86328125
solid,medium,500,1,1,12,6.147694180999999,1.9519513571587663,1.9519513571587663,1.9519513571587663,0.0,837588,1.5591917355917901,511.7939006666666,511.2807829999997,515.714114,515.714114,6.472203999999692,10.860367999999653,3.413177807270261,17.541333333333334,2.656861037843893,13.467647,0.3242985906877338,1109.3674165507157,0.21585977384537355,10.682328000664711,4.213976198710773,1.158382731415616,501.1599244999622,246.83984375,55.58293151855469,204.07421875
solid,medium,500,16,2,483,16.721857977,28.88435009221703,28.688036320800503,29.082541111704135,1.3658080920779738,837588.0,23.073168950336786,546.8190663094457,546.5944550000004,573.2962159999997,591.4911135000002,14.493693999999778,42.87170500000002,17.369009422484705,6.032460478035732,13.910178116894468,34.930687,3.5784708281625752,229.20666977531695,0.6606441497358737,5.58355750888586,19.18983469041708,1.7135146260028713,502.2407639078456,280.0,42.150474548339844,232.4140625
solid,medium,500,64,2,1753,17.121162877,102.38790510864901,99.26302862143642,105.55164010362222,6.141947601635794,837588.0,81.80156171230527,608.4392700802797,611.4352690000001,657.5496725,675.6898389999999,41.34443799999974,97.18600800000036,24.644697462342368,2.4139370426809412,20.058795870757336,95.748095,5.944513543177706,320.3085872250339,3.2640038570788548,24.78872100263834,23.95365839047861,1.663563939065639,503.35914063354676,301.55859375,75.0468521118164,254.078125
svelte,hello,200,1,1,30,6.201393819,4.837622133928211,4.837622133928211,4.837622133928211,0.0,910,0.0041982995432612155,206.31752823333326,205.83043999999995,211.17634399999997,211.51030300000002,205.67793999999958,210.99234499999966,3.0851612726712117,6.3921,2.544427242633831,13.811711,0.0,0.0,0,0,3.9847042919789395,1.5181338655122478,200.90639903330398,314.92578125,20.76073455810547,267.2890625
svelte,hello,200,16,2,1185,16.298237709,72.70724732071093,72.48466015357396,72.93158522332196,0.6146912257269526,910.0,0.0630992809738995,219.48578271563656,218.6849830000001,233.67954200000008,236.40391950000003,218.56690149999986,233.47887600000013,11.263889227649447,1.5551463156875256,9.702903709194786,18.669567,0.7335603826639439,91.05102846116338,0.6596377280899179,15.533755004405975,13.818629225115647,1.8269611157643864,202.05387893773627,344.37109375,45.666961669921875,300.5546875
svelte,hello,200,64,2,4364,16.333109212,267.1873397377244,266.6675762844277,267.706742770945,0.38892804110306817,910.0,0.23187667386073552,236.93914076446563,237.17579250000063,247.85952050000014,250.90765899999997,237.1331264999999,247.8376045,22.42866822111045,0.8414435724818996,18.332048388273215,27.418623,2.6874040657906777,48.19305923677882,1.2847927686494862,14.358594499528408,21.066858285749422,3.0146752919109483,202.9606989983634,344.37109375,49.003196716308594,297.50390625
svelte,hello,50,1,1,107,6.032077652999999,17.738498433750188,17.738498433750188,17.738498433750188,0.0,909,0.015377326084402964,56.15204911214954,55.884328999999525,58.88483199999996,62.46879200000001,55.790121,58.69620699999996,7.764035820355083,4.42303738317757,7.238064116428736,14.196735,0.0,0.0,0,0,5.892161096512321,2.506121121308825,51.14780088784891,204.7421875,35.17582702636719,161.3359375
svelte,hello,50,16,2,3858,16.137101116,239.0763974438245,232.78187660666345,245.37619992013467,5.267907433827923,909.0,0.2072552163900659,66.48154345998279,66.27076699999998,76.65681550000016,83.88869000000022,66.2231425,76.60635849999971,28.99129812346471,1.219843162546816,25.075544857236473,19.398654999999998,2.4704489389687048,72.88351102542681,1.7363112685584712,16.553223490715027,22.879639136853754,3.667725840256003,51.756751639616574,360.34765625,47.327667236328125,316.5859375
svelte,hello,50,64,2,16022,16.106649717,994.7444242913748,992.211989295593,997.2777433633402,0.5092518182603429,909.0,0.8623343310294009,64.08645989345847,64.04159100000015,74.56673799999999,79.80397950000008,64.03340400000002,74.55219749999992,43.492817099426716,0.4385303052585587,32.161137097329174,18.571263000000002,9.594295397107118,33.603825325120184,3.332688233257446,10.383551500737667,23.26752945831467,5.0685561616210695,51.59699261036154,360.34765625,58.704322814941406,316.5703125
svelte,hello,500,1,1,12,6.2738244000000005,1.9127089371516357,1.9127089371516357,1.9127089371516357,0.0,910,0.0016599322631912121,521.8678313333334,509.26284400000077,648.2441880000001,648.2441880000001,508.7935520000001,646.286728,4.010943602923997,21.055,3.2816047570974782,21.037055,0.0,0.0,0,0,4.372489565156352,2.3568724831962458,506.7206648333231,192.5859375,15.913528442382812,149.4921875
svelte,hello,500,16,2,512,16.810386006999998,30.457361287646727,30.01300155958788,30.91507675717287,2.9617641169422746,910.0,0.02643802226460089,524.0078787089844,522.4135900000001,548.7616035000001,553.8888475000001,522.2774870000003,548.5695205000002,6.161457790081151,2.0385468749999998,5.615409785140571,21.282815,0.17716697891014546,115.30075783957727,0.3481502866338166,19.773716501891613,9.326484920419624,1.572547877511143,502.38723013867343,362.51953125,43.593658447265625,318.5546875
svelte,hello,500,64,2,1920,16.260525474,118.07736490865632,117.18421309153858,118.98423609783377,1.5244437472733867,910.0,0.10247864187351649,539.4825897640624,539.5839520000004,548.3686729999998,552.8938664999998,539.5545980000002,548.3254234999995,10.615852886907815,0.9016020833333334,8.585205644764553,24.682495000000003,1.166513449617712,47.29452082732071,0.5574466845939734,8.162577502429485,12.79162788671466,1.735012530410423,503.0625708474016,362.51953125,46.734588623046875,318.5546875
svelte,large,200,1,1,27,6.0759847549999995,4.443724118593514,4.443724118593514,4.443724118593514,0.0,1554075,6.5859609218628075,224.69161362962967,224.22209600000042,232.252579,234.7136989999999,219.35656500000005,227.66013,16.91662568958328,38.311592592592596,11.941085482290356,26.148863,3.1072297825151303,1724.4360380702549,0.7614311232601362,7.233943000435829,6.139411970929551,1.4546114672105863,201.29560414813804,215.25390625,20.547218322753906,166.0625
svelte,large,200,16,2,897,16.548196820999998,54.205301623055924,54.19457983949014,54.21605159660017,0.0396119133499944,1554075.0,80.33669092609503,290.06615068721914,290.6110735000002,303.0545669999999,308.0910710000001,288.7013195000004,299.76251400000007,40.74742245787224,7.527564227549316,31.79313476729069,80.740351,8.69048075741361,175.8778846030477,0.9520633706473376,3.4057044982910156,15.91090873879786,1.065079504824551,202.10222769325594,395.41796875,64.2425765991211,348.0390625
svelte,large,200,64,2,2245,16.754781746999996,133.9915991685165,129.17345204735216,138.90746545128792,7.264644548120988,1554075.0,198.6588725384231,464.80792593715216,468.125625,507.38584099999997,528.5934105000001,464.6846600000001,495.8169989999999,75.3090638861865,5.6340538003837555,57.553100365855585,258.211839,18.35842422514633,162.33381996752885,2.161845268869275,6.109154000878334,27.797426593024923,1.1097794335630686,202.41222410811326,395.34765625,65.43782043457031,351.5078125
svelte,large,50,1,1,89,6.061683327,14.682390220481407,14.682390220481407,14.682390220481407,0.0,1554074,21.760483645920203,67.92029061797751,66.12698199999977,81.87532199999987,161.33498200000002,63.39277899999979,74.79887899999994,40.4076855559757,27.734921348314607,27.175751670448108,32.292863,9.65826333330052,1379.8322019617208,2.0103112980440074,8.50848200917244,12.335496211953682,2.491029118097318,51.23520462921156,221.01953125,28.146774291992188,174.32421875
svelte,large,50,16,2,1633,16.277251088,100.32406523506225,74.26506722426326,126.78139391345715,52.34668926757162,1554074.0,148.98351576144302,168.76475542283958,164.939351,208.2026659999999,231.5299245000001,163.63889299999983,204.7511434999999,80.85383261722362,8.750432635628336,68.99564145812775,128.58163100000002,14.453761095077578,180.18445723846554,1.8265420054928234,5.214761003851891,22.39462763186559,0.8445920949395582,51.743419181238565,355.29296875,72.37528991699219,308.41015625
svelte,large,50,64,2,2399,17.073499419,140.51015208577024,91.66597167754051,190.67916684928363,70.46693331546852,1554074.0,209.2291063360861,498.12452438748096,495.9227394999999,635.490409,656.0808269999995,490.97880250000003,633.6224350000002,106.35800986886588,8.516010542511609,89.26910627441659,511.967231,19.811630175588007,200.2935971141869,2.8525197817300105,9.890068501234055,30.045645710464534,0.8966369973285225,51.22849943043284,370.703125,63.004432678222656,323.07421875
svelte,large,500,1,1,12,6.315962732999999,1.8999478792523143,1.8999478792523143,1.8999478792523143,0.0,1554075,2.815877438019791,525.8581907500001,523.6837369999998,550.172805,550.172805,517.2468339999998,539.121829,7.701819652674764,40.702,5.413552319170165,25.001983,1.2614973306266302,1984.8013321558635,0.37557323735082015,9.106438994407654,4.90377286012504,1.138708894630209,501.1285116666598,216.73828125,22.30541229248047,170.10546875
svelte,large,500,16,2,400,16.461221370000004,24.29953349202787,23.097873931291595,25.525330945733145,9.989726820220415,1554075.0,36.03177410090552,654.5183249601362,653.4962894999996,716.0962015,728.6398445,649.6967520000003,713.7209335000002,29.013220858135806,12.042951522435898,24.580628165709843,129.073151,4.85386743993582,258.2986913561725,0.6350636575766722,4.854770004749298,11.31792765094742,0.9153738251106496,501.89420308653973,365.96484375,63.90123748779297,318.97265625
svelte,large,500,64,2,1124,18.013944053000003,62.39610807566661,53.126530723507166,72.00059298467649,30.248781283411287,1554075.0,92.7242921718576,1002.0989802068846,993.9148409999998,1190.5939835000001,1235.2812339999998,984.8200249999995,1185.6004785,59.877380641394055,9.884027915762736,50.54898218241881,461.11129500000004,8.88278087164069,220.8599932947505,1.3976469649049559,8.098135001957417,21.55825568571004,1.1271079428203088,503.42050539881535,367.76953125,57.39527130126953,321.03515625
svelte,medium,200,1,1,28,6.090807722,4.59709143318775,4.59709143318775,4.59709143318775,0.0,809522,3.5490480911035673,217.23388503571428,217.01782000000003,220.89689499999986,226.103467,213.988785,218.76077499999974,12.505826022376628,27.310928571428573,8.340322803785975,19.578879,1.7989146972319152,1343.666750405516,0.6152724748510658,7.13748399913311,6.348715062520658,1.3915588552897522,201.1802621785651,216.05859375,21.606216430664062,167.703125
svelte,medium,200,16,2,960,16.31809646,58.830391299206724,58.6276864416345,59.034502721511,0.6915070100544785,809522.0,45.418801639427116,270.82459233124996,272.313942,279.87076049999996,284.5712779999999,271.02560649999987,278.75504550000005,37.557386420827676,6.393514583333333,28.614878936480295,63.012863,7.282067197904208,102.52150618471205,0.6025075728877255,2.030891500413418,14.684975099432378,1.0924207462281026,201.94641043124332,375.14453125,38.471771240234375,331.34375
svelte,medium,200,64,2,2823,16.615769808,169.89883903187015,161.98561429811463,177.87395396689936,9.351646991421967,809522.0,131.1892497162965,369.8164380954546,367.4181105,410.69316549999996,426.40020400000003,365.8602994999999,405.80120450000004,60.82519243435374,3.5964706977822383,46.68359663302803,170.655743,13.463291430948754,126.88769326426667,2.1258125341178316,7.031330496072769,24.73800862070051,1.382907143308696,202.7116428436916,397.40234375,76.042236328125,353.4140625
svelte,medium,50,1,1,94,6.010674051,15.638845028430906,15.638845028430906,15.638845028430906,0.0,809521,12.073491541157166,63.73362435106387,63.62297699999999,68.09246800000005,72.42491599999994,61.30552499999999,65.87151500000004,33.96378914098959,21.77635106382979,21.94656070853634,21.512191,6.305024371830287,938.1369785108465,1.4631784007390911,6.107235997915268,9.177896976793871,1.9817234437760032,51.068310404258305,216.47265625,23.87084197998047,167.23828125
svelte,medium,50,16,2,3042,16.178229010000003,188.03046972073983,187.8909966569475,188.169782874966,0.1482665115034522,809521.0,145.1631061112662,84.56990764789944,84.01484200000027,89.96233750000033,97.60038299999997,83.46393450000005,88.98173150000002,62.12754536853467,3.309420779558726,46.243678360184134,39.124991,23.388949003510106,91.34674394834792,1.7148660588039766,3.8605195060372353,18.26388140392723,0.951167268960027,51.76627953610267,374.89453125,38.43397521972656,330.9375
svelte,medium,50,64,2,5751,16.374988084,351.20636244122227,346.0314393355045,356.38446349078646,2.9478464123823027,809521.0,271.13934711067293,179.76703934527686,179.21846550000006,198.0259084999999,205.60663850000043,178.3982689999998,196.56848250000002,96.30612427939946,2.7485320547497465,74.07381034395405,135.987199,24.86502895748135,86.86657695298004,3.041615064426394,6.376363500952721,34.083757396337354,1.2122844954141132,51.37052581634238,394.35546875,70.34468078613281,350.65625
svelte,medium,500,1,1,12,6.265479719,1.915256379110147,1.915256379110147,1.915256379110147,0.0,809522,1.4786168809223215,520.8882823333334,519.4438130000008,539.096363,539.096363,516.0079320000004,534.017735,6.306961927747556,33.00958333333333,4.387932883850088,19.628031,0.6368819083092088,1060.1639995972316,0.20255978135526242,6.545004993677139,4.820067738074363,1.147749435543992,501.43145424997783,226.8203125,30.878807067871094,183.40625
svelte,medium,500,16,2,448,16.213926245000003,27.63056851440611,27.567995760343525,27.693425965021095,0.45395448382530895,809522.0,21.331470793705282,576.4937237120535,577.1901934999996,587.4871235000003,595.2724980000003,574.9198619999997,585.5207230000003,18.964829028030742,6.8739977678571424,14.71448473067756,60.080127000000005,3.3254067761045407,148.2214261777699,0.40879340588347546,3.772007003426552,11.567066868269682,1.0710834662036812,502.737141437511,379.89453125,38.14771270751953,332.4453125
svelte,medium,500,64,2,1536,16.613160616000002,92.45681995758777,91.30836490100299,93.63453300742636,2.5159508054575506,809522.0,71.38983945876481,684.7204344114582,681.671904,769.6425884999999,779.1647075000001,678.4907205,768.5852439999999,36.437177010207776,3.950854166666667,28.484059448270898,164.298751,7.207424406571684,128.57529688820551,1.182664116951097,6.951928496360779,19.17626036742866,1.32362663846293,503.42845762435104,395.95703125,74.49815368652344,348.671875
tanstack,hello,200,1,1,29,6.026804864,4.811836562558399,4.811836562558399,4.811836562558399,0.0,1408,0.006461206321794725,207.52700527586205,207.27924500000063,212.339527,217.77774899999986,207.18103000000065,211.66965100000002,3.8848162214371853,8.095965517241378,3.0786159572668006,14.221311,0.0,0.0,0,0,4.215090393716947,1.713077387504906,201.09265596549636,359.47265625,28.079978942871094,310.78125
tanstack,hello,200,16,2,1138,16.142035127,70.49916513293435,69.81043502622336,71.18195280293968,1.945438324170451,1408.0,0.0946604166333492,226.32933936341237,225.79363699999976,239.08137499999998,246.18072099999995,225.7082375000001,239.01862350000033,15.694986444063389,2.2333331433408405,13.7066281676918,25.452543,1.0508653014944,100.70846655841287,0.7073583450118093,13.456390500068665,15.348641487820046,2.079165104288247,201.53666667259006,359.47265625,54.42091369628906,310.78125
tanstack,hello,200,64,2,4257,16.233058323999998,262.24263567797186,260.31950012257875,264.2008747553206,1.4800700209206725,1408.0,0.3521560134067928,243.0912980813349,245.55839800000012,260.4412125,264.31175899999994,245.5140620000002,260.4135035000004,27.119364751279228,1.0371235409998896,23.36095668017771,38.191103,3.3798848553402943,67.06531622980214,1.7559856650315493,12.947553001344204,19.83676017572825,2.910566079034748,202.57904186906012,359.47265625,58.415252685546875,310.8125
tanstack,hello,50,1,1,104,6.002756570000001,17.325373565831605,17.325373565831605,17.325373565831605,0.0,1406,0.02323100589137958,57.520926971153784,57.01486799999975,60.85335899999973,62.763688,56.90099400000008,60.71102599999995,11.722801192402143,6.787076923076923,9.758814501842366,14.819327,0.49823765154941557,256.6656729636284,0.4433190740532616,23.475612998008728,5.826931729788968,2.379005338909015,51.06374914422094,222.79296875,57.96476745605469,178.87109375
tanstack,hello,50,16,2,3735,16.091172556,232.11484352688214,228.1648394860918,236.08763598127263,3.4133088495321706,1406.0,0.31125020051341745,68.7412433615456,69.59753250000006,77.33288650000031,84.21171950000007,69.54657699999996,77.25784900000008,33.49747975451375,1.4471168906125693,29.402381958886785,22.896639,3.224499829496624,82.92331288928976,1.9234701101213623,13.262182496488094,20.801336497881593,3.367610569364065,51.47749662644936,357.15234375,50.74424743652344,309.16796875
tanstack,hello,50,64,2,16687,16.078941280000002,1037.8170869220314,1021.3665624723313,1054.3067384739586,3.1739866703603403,1406.0,1.391599970402948,61.43180912518612,60.23275950000016,71.50922600000001,81.41135599999996,60.2255104999997,71.5012670000001,44.844312594600424,0.43386042665190555,33.82343163519434,18.268158999999997,13.136354990325842,43.967717179978855,4.540184838893406,10.508610494434834,15.341733494713452,3.5162786439058644,51.068624087397986,357.15234375,61.29364013671875,309.2421875
tanstack,hello,500,1,1,12,6.108801699000001,1.9643787098154417,1.9643787098154417,1.9643787098154417,0.0,1408,0.0026377155527306955,508.58587874999995,507.40178400000013,514.559851,514.559851,507.23686799999996,513.629603,2.4737352818430765,12.629916666666666,1.7817158132865176,13.746175,0.0,0.0,0,0,3.195088228683986,1.0706302216891626,501.02753866667626,213.9609375,20.600326538085938,169.88671875
tanstack,hello,500,16,2,500,16.68788806,29.961850067683162,29.548208280486854,30.367027641952028,2.732873169098299,1408.0,0.04022629364909837,527.0766070878265,526.3593319999998,555.675084,565.368275,526.2967515,555.5620234999997,9.633981958501995,3.2355696080942624,7.835510076746389,20.054015,1.1429157574876554,135.5487071139906,0.404366064334057,12.364156998693943,9.43001694787938,1.5080828092971363,501.89103232291245,366.12109375,56.741615295410156,317.921875
tanstack,hello,500,64,2,1923,16.506247346000002,116.50134398755421,115.85311682430653,117.15892602200654,1.120853333537091,1408.0,0.15644119087582053,546.6275095967289,548.32551,566.060064,573.968714,548.2839079999997,566.012817,15.585811495478222,1.342327539265317,13.125085216624097,30.916607,1.5110981966510821,73.46242787768563,0.8543490953325449,12.796145491302013,13.782508345145015,2.0510559172374014,502.44674169312316,366.12109375,54.59974670410156,317.921875
tanstack,large,200,1,1,27,6.050066468,4.462760887472617,4.462760887472617,4.462760887472617,0.0,1554573,6.61629446136567,223.78613837037034,223.47187200000008,229.183983,232.82314099999985,218.5175929999998,222.09841700000004,11.271100026149135,25.38240740740741,9.948646686625363,25.477119,0.9867814563439946,786.8900376337546,0.3494198237934677,5.0194880068302155,7.835449587610151,1.4142375002501955,200.7378196296265,359.78515625,48.84751892089844,311.1953125
tanstack,large,200,16,2,864,16.526029955,52.281159017177885,48.324780638679925,56.25126630056318,15.161266144231558,1554573.0,77.51994086193083,305.73888207586197,295.7251820000002,371.661747,383.18365500000004,292.0293590000001,360.8986610000002,42.179769758016924,8.296402198275862,36.81162668050929,108.101631,10.958610682235056,363.84445669193724,1.8576486804870145,8.067368499934673,23.779840858943597,1.2621607523102614,201.58136554202542,369.47265625,56.69416046142578,321.48046875
tanstack,large,200,64,2,1962,17.209034999000004,114.00987911954444,92.64271583897477,136.07743560465187,38.09732989904661,1554573.0,169.54525565632485,562.8021084411066,493.58853550000003,954.9904784999999,1061.8319985000003,482.9737570000002,941.3849424999999,73.38234067732195,6.8289330536265425,64.59532083514681,394.788863,17.595337000885447,357.14268090611574,3.6279506974496454,26.711305998265743,42.955198996211294,2.0411998585651396,202.57318198273686,370.1796875,73.46818542480469,322.19140625
tanstack,large,50,1,1,88,6.070481495,14.496378923563459,14.496378923563459,14.496378923563459,0.0,1554571,21.491670875151605,68.81059434090912,68.89303900000004,72.7949050000002,79.40408100000013,64.82301099999995,69.51972000000023,31.920319752942184,22.09146590909091,26.568087527888274,26.116095,4.597461036642498,731.0642615299333,1.056326686694931,7.029519006609917,12.642910937498327,2.0106333361104975,50.859573625006966,348.50390625,49.88359069824219,301.09375
tanstack,large,50,16,2,2304,16.15999731,142.57428115871386,139.25669801999754,145.86722489613854,4.636549328824705,1554571.0,211.3558683260253,111.69939922737103,105.98715099999981,146.05552150000017,222.20095600000013,104.51184650000016,143.08922999999982,71.4229678499703,5.026713458503344,59.57115063727721,84.066303,32.50613877268377,257.8478929386877,3.6788675778010265,23.70557050406933,35.17899871964934,1.6161960444350005,51.488244544425186,358.6484375,53.186798095703125,311.9765625
tanstack,large,50,64,2,3930,16.468134568,238.64269409338968,227.89616843933584,249.45225771424805,9.032788268169869,1554571.0,353.8475132913604,264.52551361256957,261.09299499999986,304.0582769999999,356.030432,259.0139535000003,296.9516155000001,95.53818786782239,4.033140285641937,82.99464216240537,235.470847,37.55776057963131,187.69352075435194,4.410518457134314,6.782699503004551,45.25703677269249,0.9498035646460696,51.13300933114763,359.765625,71.8895034790039,313.2265625
tanstack,large,500,1,1,12,6.343998613,1.8915514854322053,1.8915514854322053,1.8915514854322053,0.0,1554573,2.804331652987289,528.1763136666667,525.3199159999999,545.186408,545.186408,518.9864270000003,533.4329239999997,5.810212922870905,30.798166666666663,4.97045810326711,23.756799,0.3144241769191297,1032.3506655792396,0.19475760499000086,8.219990998506546,5.577944670840933,1.1081954260785492,500.77264899999136,292.71875,50.156890869140625,246.08984375
tanstack,large,500,16,2,448,17.026438636,26.31202035713841,26.156130526272587,26.469779527573216,1.1920369361356786,1554573.0,39.01043838030683,604.6807533236607,602.7273274999998,654.032813,670.5508365000001,596.1739124999995,617.5358955,22.092448949945393,8.409879464285714,18.733448854898825,81.19910300000001,5.979930885796808,331.5239061734506,0.8702545768830678,10.373908996582031,15.037652765881473,1.1004599926493577,501.92631826563434,356.30078125,61.875885009765625,308.71875
tanstack,large,500,64,2,1338,17.539325530999996,76.28571564141068,73.67757154399045,78.90902102035867,6.8577051842303085,1554573.0,113.10911033751388,799.3304317009928,782.7412615000002,1000.032742,1033.2887894999997,777.9768249999997,902.557515,44.74042393482597,5.890911520397209,38.084955542955655,255.85254299999997,11.94623903477263,246.55970245863696,1.8638080630238065,7.631388999521732,25.864767859857814,1.3159188258147334,502.734026214613,360.81640625,75.25357818603516,314.12890625
tanstack,medium,200,1,1,28,6.1293828999999995,4.568159708214672,4.568159708214672,4.568159708214672,0.0,810021,3.52888612271095,218.54763717857153,215.94139099999995,235.93596700000035,245.72952699999996,212.7135239999999,233.6919310000003,8.231855794941527,18.132964285714287,7.425330405144302,20.070399,0.4863984374319182,398.314499429294,0.18082358012029293,3.7877409905195236,6.141311678790372,1.4116832921421865,200.6900437142966,347.32421875,47.66651916503906,298.65234375
tanstack,medium,200,16,2,944,16.327657183999996,57.81601054957574,56.25059317856802,59.41435800557766,5.472125795149418,810021.0,44.67536898762363,275.696720570187,269.14112600000044,328.73340099999973,477.437314,267.9025724999997,327.53567350000026,35.3911676263031,6.1354779454022985,29.66450556279377,59.621375,8.520442399678455,197.22905431274626,1.139188885570009,7.674193002283573,20.136337482210244,1.5155009084431663,201.6842870564675,361.25,43.79917907714844,313.1328125
tanstack,medium,200,64,2,2880,16.359260385,176.04707867115474,163.60581567504087,188.59599588570174,14.195168928273446,810021.0,136.0372846614095,361.9433563434714,349.87866899999995,469.4775220000002,581.5950349999998,348.58522700000003,456.1778740000002,53.79974721474302,3.0813878348214283,46.473861861799975,163.414015,16.060403012780384,139.1162882202826,2.419090963795214,11.342693500220776,28.53655769551467,1.6354037016377312,202.3893953527681,362.578125,69.74422454833984,314.625
tanstack,medium,50,1,1,94,6.021441938,15.610878750949437,15.610878750949437,15.610878750949437,0.0,810019,12.059315104451478,63.87252782978719,63.76815799999986,68.23627699999997,77.83489,61.412507000000005,65.10099300000002,21.479074200808267,13.819063829787234,18.899644029116644,21.446655,2.645629743777731,497.46574445607814,0.7732147249005753,7.12745600938797,10.530175529301415,2.092678048718825,51.039714393604726,358.76171875,49.307212829589844,310.6796875
tanstack,medium,50,16,2,3206,16.153769483,198.46760865158743,196.10141692298848,200.83413342034513,2.384629174257345,810019.0,153.3152282493385,80.18093179912603,79.1602435000002,85.5341605000001,114.4159325,78.54893850000053,84.39856850000001,52.78909655180043,2.6619325499134376,42.73568451275991,36.765695,28.541944280581216,117.01410870950635,2.3230737507352393,7.40226399153471,22.797826229292852,0.9136484822446315,51.13073482971379,367.140625,81.2538070678711,319.02734375
tanstack,medium,50,64,2,6096,16.272415375999998,374.6217054532004,361.1601753001268,388.17079734915285,7.210105996487794,810019.0,289.426958625029,169.4525109394849,164.49327549999987,212.7590220000002,230.21524000000002,163.3712404999992,209.71539899999993,85.59475794861157,2.289100409857263,73.635300043218,138.969087,34.120430397023476,110.95016029725312,4.169507567091427,7.6292055025696754,41.11829479423719,1.374313502437392,51.308689448579315,369.90234375,92.72618865966797,322.12890625
tanstack,medium,500,1,1,12,6.259341195999999,1.91713466709061,1.91713466709061,1.91713466709061,0.0,810021,1.4809792901720076,521.0249203333334,519.6552419999998,534.098056,534.098056,515.5903399999997,529.015276,5.617725941388387,29.391416666666668,4.430524153945192,18.104319,0.6371163850430694,1209.822166711092,0.23123925761998343,5.122739002108574,5.274707588134572,1.2805331446483341,500.5252370000041,230.92578125,48.53797149658203,184.02734375
tanstack,medium,500,16,2,448,16.172937283,27.70059588810192,27.627214777807247,27.774367854160115,0.5312271149230915,810021.0,21.39875667816583,575.1612156026789,575.0248539999998,593.3796069999999,598.7996294999999,572.9562205000002,591.6488285000003,17.38562623659635,6.285473214285714,14.703986840757914,58.949631,4.014885619417904,240.54596446720618,0.6653920310082732,4.327431499958038,13.37727376805805,1.415678851039039,502.32701267635326,366.76953125,39.607749938964844,320.04296875
tanstack,medium,500,64,2,1308,17.129492491,76.35953024803483,60.443401317261454,91.93004279285401,41.23472390848409,810021.0,58.85395506454461,853.8545158499631,791.4219095000001,1143.6142820000002,1191.4505149999995,777.4331505,1133.9570904999996,46.558554663296476,6.938233079459799,39.910004476195134,246.284287,7.133305540878674,409.12225824399343,2.6216420019209217,21.810155503451824,31.372289116691363,2.493583115131311,503.5431040969536,368.52734375,64.71571350097656,321.50390625
